no.,correct,noise,0.9,0.8,0.5,0.2
0,0,0.033,0.033,0.033,0.033,0.033
1,0.0025,0.0385,0.03355,0.0341,0.03575,0.0374
2,0.005,0.032,0.033395,0.03368,0.033875,0.03308
3,0.007499,-0.027501,0.027305,0.021444,0.003187,-0.015385
4,0.009999,0.052999,0.029875,0.027755,0.028093,0.039322
5,0.012497,-0.002503,0.026637,0.021703,0.012795,0.005862
6,0.014996,0.050996,0.029073,0.027562,0.031896,0.041969
7,0.017493,0.059493,0.032115,0.033948,0.045694,0.055988
8,0.019989,0.018989,0.030802,0.030956,0.032342,0.026389
9,0.022485,-0.006515,0.027071,0.023462,0.012913,0.000066
10,0.024979,0.036979,0.028061,0.026165,0.024946,0.029596
11,0.027472,0.004472,0.025702,0.021827,0.014709,0.009497
12,0.029964,0.069964,0.030129,0.031454,0.042337,0.057871
13,0.032454,0.041454,0.031261,0.033454,0.041895,0.044737
14,0.034943,0.047943,0.032929,0.036352,0.044919,0.047302
15,0.03743,0.01343,0.030979,0.031768,0.029175,0.020204
16,0.039915,0.029915,0.030873,0.031397,0.029545,0.027973
17,0.042398,0.018398,0.029625,0.028797,0.023971,0.020313
18,0.044879,0.066879,0.033351,0.036414,0.045425,0.057566
19,0.047358,0.033358,0.033352,0.035802,0.039392,0.0382
20,0.049834,0.010834,0.0311,0.030809,0.025113,0.016307
21,0.052308,0.070308,0.035021,0.038709,0.04771,0.059508
22,0.054779,0.071779,0.038696,0.045323,0.059745,0.069325
23,0.057248,0.036248,0.038452,0.043508,0.047996,0.042863
24,0.059714,0.091714,0.043778,0.053149,0.069855,0.081944
25,0.062177,0.042177,0.043618,0.050955,0.056016,0.05013
26,0.064636,0.076636,0.04692,0.056091,0.066326,0.071335
27,0.067093,0.040093,0.046237,0.052891,0.05321,0.046341
28,0.069546,0.086546,0.050268,0.059622,0.069878,0.078505
29,0.071996,0.056996,0.050941,0.059097,0.063437,0.061298
30,0.074443,0.053443,0.051191,0.057966,0.05844,0.055014
31,0.076885,0.028885,0.04896,0.05215,0.043662,0.034111
32,0.079324,0.051324,0.049197,0.051985,0.047493,0.047881
33,0.081759,0.089759,0.053253,0.05954,0.068626,0.081383
34,0.084191,0.103191,0.058247,0.06827,0.085909,0.098829
35,0.086618,0.103618,0.062784,0.07534,0.094763,0.10266
36,0.08904,0.13204,0.069709,0.08668,0.113402,0.126164
37,0.091459,0.097459,0.072484,0.088835,0.10543,0.1032
38,0.093873,0.054873,0.070723,0.082043,0.080152,0.064538
39,0.096283,0.088283,0.072479,0.083291,0.084217,0.083534
40,0.098688,0.077688,0.073,0.08217,0.080953,0.078857
41,0.101088,0.124088,0.078109,0.090554,0.10252,0.115042
42,0.103483,0.074483,0.077746,0.08734,0.088502,0.082595
43,0.105874,0.074874,0.077459,0.084847,0.081688,0.076418
44,0.108259,0.142259,0.083939,0.096329,0.111973,0.129091
45,0.110639,0.097639,0.085309,0.096591,0.104806,0.103929
46,0.113014,0.161014,0.09288,0.109476,0.13291,0.149597
47,0.115384,0.089384,0.09253,0.105457,0.111147,0.101427
48,0.117748,0.082748,0.091552,0.100915,0.096948,0.086484
49,0.120106,0.140106,0.096407,0.108754,0.118527,0.129382
50,0.122459,0.085459,0.095312,0.104095,0.101993,0.094244
51,0.124806,0.100806,0.095862,0.103437,0.101399,0.099494
52,0.127148,0.168148,0.10309,0.116379,0.134774,0.154417
53,0.129483,0.159483,0.10873,0.125,0.147128,0.15847
54,0.131812,0.137812,0.111638,0.127562,0.14247,0.141944
55,0.134136,0.157136,0.116188,0.133477,0.149803,0.154098
56,0.136453,0.148453,0.119414,0.136472,0.149128,0.149582
57,0.138763,0.158763,0.123349,0.14093,0.153946,0.156927
58,0.141067,0.187067,0.129721,0.150158,0.170506,0.181039
59,0.143365,0.174365,0.134185,0.154999,0.172436,0.1757
60,0.145656,0.100656,0.130832,0.144131,0.136546,0.115665
61,0.147941,0.122941,0.130043,0.139893,0.129743,0.121486
62,0.150219,0.184219,0.135461,0.148758,0.156981,0.171672
63,0.152489,0.129489,0.134864,0.144904,0.143235,0.137926
64,0.154753,0.140753,0.135453,0.144074,0.141994,0.140188
65,0.15701,0.11201,0.133108,0.137661,0.127002,0.117646
66,0.15926,0.15526,0.135323,0.141181,0.141131,0.147737
67,0.161503,0.140503,0.135841,0.141045,0.140817,0.14195
68,0.163739,0.126739,0.134931,0.138184,0.133778,0.129781
69,0.165967,0.172967,0.138735,0.145141,0.153373,0.16433
70,0.168188,0.142188,0.13908,0.14455,0.14778,0.146616
71,0.170401,0.215401,0.146712,0.15872,0.181591,0.201644
72,0.172607,0.204607,0.152502,0.167898,0.193099,0.204014
73,0.174805,0.169805,0.154232,0.168279,0.181452,0.176647
74,0.176996,0.140996,0.152908,0.162822,0.161224,0.148126
75,0.179179,0.196179,0.157235,0.169494,0.178701,0.186568
76,0.181354,0.165354,0.158047,0.168666,0.172028,0.169597
77,0.183521,0.197521,0.161995,0.174437,0.184774,0.191936
78,0.18568,0.17868,0.163663,0.175285,0.181727,0.181331
79,0.187831,0.187831,0.16608,0.177795,0.184779,0.186531
80,0.189974,0.226974,0.172169,0.18763,0.205877,0.218885
81,0.19211,0.15011,0.169963,0.180126,0.177993,0.163865
82,0.194236,0.220236,0.174991,0.188148,0.199115,0.208962
83,0.196355,0.224355,0.179927,0.19539,0.211735,0.221276
84,0.198465,0.236465,0.185581,0.203605,0.2241,0.233427
85,0.200567,0.234567,0.19048,0.209797,0.229333,0.234339
86,0.202661,0.155661,0.186998,0.19897,0.192497,0.171397
87,0.204746,0.205746,0.188873,0.200325,0.199122,0.198876
88,0.206822,0.210822,0.191067,0.202425,0.204972,0.208433
89,0.20889,0.25789,0.19775,0.213518,0.231431,0.247999
90,0.21095,0.19295,0.19727,0.209404,0.21219,0.20396
91,0.213,0.223,0.199843,0.212123,0.217595,0.219192
92,0.215042,0.241042,0.203963,0.217907,0.229319,0.236672
93,0.217075,0.235075,0.207074,0.221341,0.232197,0.235394
94,0.2191,0.2081,0.207177,0.218692,0.220148,0.213559
95,0.221115,0.183115,0.20477,0.211577,0.201632,0.189204
96,0.223122,0.199122,0.204206,0.209086,0.200377,0.197138
97,0.225119,0.261119,0.209897,0.219493,0.230748,0.248323
98,0.227108,0.271108,0.216018,0.229816,0.250928,0.266551
99,0.229088,0.218088,0.216225,0.22747,0.234508,0.227781
100,0.231059,0.276059,0.222208,0.237188,0.255283,0.266403
101,0.23302,0.25302,0.22529,0.240354,0.254152,0.255697
102,0.234973,0.218973,0.224658,0.236078,0.236562,0.226318
103,0.236916,0.264916,0.228684,0.241846,0.250739,0.257196
104,0.23885,0.25585,0.2314,0.244647,0.253295,0.256119
105,0.240775,0.191775,0.227438,0.234072,0.222535,0.204644
106,0.242691,0.289691,0.233663,0.245196,0.256113,0.272682
107,0.244597,0.196597,0.229957,0.235476,0.226355,0.211814
108,0.246494,0.213494,0.22831,0.23108,0.219924,0.213158
109,0.248382,0.290382,0.234517,0.24294,0.255153,0.274937
110,0.25026,0.25226,0.236292,0.244804,0.253707,0.256795
111,0.252129,0.258129,0.238475,0.247469,0.255918,0.257862
112,0.253989,0.204989,0.235127,0.238973,0.230453,0.215564
113,0.255839,0.285839,0.240198,0.248346,0.258146,0.271784
114,0.25768,0.29368,0.245546,0.257413,0.275913,0.289301
115,0.259511,0.250511,0.246043,0.256033,0.263212,0.258269
116,0.261333,0.276333,0.249072,0.260093,0.269773,0.27272
117,0.263145,0.302145,0.254379,0.268503,0.285959,0.29626
118,0.264948,0.258948,0.254836,0.266592,0.272453,0.26641
119,0.266741,0.235741,0.252926,0.260422,0.254097,0.241875
120,0.268525,0.258525,0.253486,0.260043,0.256311,0.255195
121,0.270299,0.249299,0.253068,0.257894,0.252805,0.250478
122,0.272064,0.253064,0.253067,0.256928,0.252935,0.252547
123,0.273819,0.240819,0.251842,0.253706,0.246877,0.243165
124,0.275564,0.322564,0.258915,0.267478,0.28472,0.306684
125,0.2773,0.2983,0.262853,0.273642,0.29151,0.299977
126,0.279026,0.310026,0.26757,0.280919,0.300768,0.308016
127,0.280743,0.305743,0.271388,0.285884,0.303256,0.306198
128,0.28245,0.24145,0.268394,0.276997,0.272353,0.2544
129,0.284147,0.261147,0.267669,0.273827,0.26675,0.259798
130,0.285835,0.302835,0.271186,0.279629,0.284792,0.294228
131,0.287513,0.293513,0.273418,0.282405,0.289153,0.293656
132,0.289182,0.336182,0.279695,0.293161,0.312667,0.327677
133,0.290841,0.293841,0.281109,0.293297,0.303254,0.300608
134,0.29249,0.32849,0.285848,0.300335,0.315872,0.322914
135,0.29413,0.30913,0.288176,0.302094,0.312501,0.311887
136,0.29576,0.25176,0.284534,0.292027,0.282131,0.263785
137,0.29738,0.33038,0.289119,0.299698,0.306255,0.317061
138,0.298991,0.267991,0.287006,0.293357,0.287123,0.277805
139,0.300592,0.274592,0.285765,0.289604,0.280858,0.275235
140,0.302184,0.280184,0.285207,0.28772,0.280521,0.279194
141,0.303766,0.324766,0.289162,0.295129,0.302643,0.315652
142,0.305338,0.287338,0.28898,0.293571,0.294991,0.293001
143,0.306901,0.285901,0.288672,0.292037,0.290446,0.287321
144,0.308455,0.261455,0.28595,0.28592,0.27595,0.266628
145,0.309998,0.278998,0.285255,0.284536,0.277474,0.276524
146,0.311533,0.331533,0.289883,0.293935,0.304504,0.320531
147,0.313057,0.331057,0.294,0.30136,0.31778,0.328952
148,0.314573,0.272573,0.291858,0.295602,0.295177,0.283849
149,0.316078,0.281078,0.29078,0.292697,0.288127,0.281632
150,0.317574,0.307574,0.292459,0.295673,0.297851,0.302386
151,0.319061,0.318061,0.295019,0.30015,0.307956,0.314926
152,0.320538,0.366538,0.302171,0.313428,0.337247,0.356216
153,0.322006,0.295006,0.301455,0.309744,0.316126,0.307248
154,0.323465,0.291465,0.300456,0.306088,0.303796,0.294622
155,0.324914,0.319914,0.302402,0.308853,0.311855,0.314856
156,0.326353,0.322353,0.304397,0.311553,0.317104,0.320854
157,0.327784,0.328784,0.306835,0.314999,0.322944,0.327198
158,0.329205,0.300205,0.306172,0.31204,0.311574,0.305604
159,0.330616,0.335616,0.309117,0.316756,0.323595,0.329614
160,0.332018,0.361018,0.314307,0.325608,0.342307,0.354737
161,0.333411,0.371411,0.320017,0.334769,0.356859,0.368076
162,0.334795,0.348795,0.322895,0.337574,0.352827,0.352651
163,0.33617,0.31417,0.322023,0.332893,0.333498,0.321866
164,0.337535,0.328535,0.322674,0.332021,0.331017,0.327201
165,0.338891,0.338891,0.324296,0.333395,0.334954,0.336553
166,0.340238,0.383238,0.33019,0.343364,0.359096,0.373901
167,0.341576,0.291576,0.326328,0.333006,0.325336,0.308041
168,0.342905,0.326905,0.326386,0.331786,0.32612,0.323132
169,0.344224,0.358224,0.32957,0.337074,0.342172,0.351206
170,0.345535,0.319535,0.328566,0.333566,0.330854,0.325869
171,0.346836,0.310836,0.326793,0.32902,0.320845,0.313843
172,0.348129,0.385129,0.332627,0.340242,0.352987,0.370872
173,0.349412,0.355412,0.334905,0.343276,0.354199,0.358504
174,0.350687,0.343687,0.335784,0.343358,0.348943,0.34665
175,0.351953,0.392953,0.341501,0.353277,0.370948,0.383692
176,0.35321,0.33021,0.340371,0.348664,0.350579,0.340906
177,0.354458,0.369458,0.34328,0.352823,0.360019,0.363748
178,0.355697,0.364697,0.345422,0.355197,0.362358,0.364507
179,0.356927,0.342927,0.345172,0.352743,0.352642,0.347243
180,0.358149,0.340149,0.34467,0.350224,0.346396,0.341568
181,0.359362,0.360362,0.346239,0.352252,0.353379,0.356603
182,0.360566,0.347566,0.346372,0.351315,0.350472,0.349373
183,0.361762,0.339762,0.345711,0.349004,0.345117,0.341684
184,0.362949,0.387949,0.349935,0.356793,0.366533,0.378696
185,0.364127,0.321127,0.347054,0.34966,0.34383,0.332641
186,0.365297,0.389297,0.351278,0.357587,0.366564,0.377966
187,0.366458,0.337458,0.349896,0.353561,0.352011,0.34556
188,0.367611,0.375611,0.352468,0.357971,0.363811,0.369601
189,0.368756,0.413756,0.358597,0.369128,0.388783,0.404925
190,0.369892,0.348892,0.357626,0.365081,0.368838,0.360099
191,0.371019,0.358019,0.357665,0.363669,0.363428,0.358435
192,0.372138,0.357138,0.357613,0.362363,0.360283,0.357397
193,0.373249,0.416249,0.363476,0.37314,0.388266,0.404479
194,0.374352,0.342352,0.361364,0.366982,0.365309,0.354777
195,0.375447,0.353447,0.360572,0.364275,0.359378,0.353713
196,0.376533,0.369533,0.361468,0.365327,0.364456,0.366369
197,0.377611,0.338611,0.359183,0.359984,0.351533,0.344163
198,0.378681,0.356681,0.358932,0.359323,0.354107,0.354177
199,0.379743,0.358743,0.358913,0.359207,0.356425,0.35783
200,0.380797,0.406797,0.363702,0.368725,0.381611,0.397004
201,0.381843,0.335843,0.360916,0.362149,0.358727,0.348075
202,0.382881,0.375881,0.362412,0.364895,0.367304,0.37032
203,0.383911,0.396911,0.365862,0.371298,0.382108,0.391593
204,0.384933,0.347933,0.364069,0.366625,0.36502,0.356665
205,0.385948,0.373948,0.365057,0.36809,0.369484,0.370491
206,0.386954,0.342954,0.362847,0.363063,0.356219,0.348461
207,0.387953,0.377953,0.364358,0.366041,0.367086,0.372055
208,0.388944,0.342944,0.362216,0.361421,0.355015,0.348766
209,0.389927,0.357927,0.361787,0.360722,0.356471,0.356095
210,0.390903,0.368903,0.362499,0.362359,0.362687,0.366341
211,0.391871,0.429871,0.369236,0.375861,0.396279,0.417165
212,0.392832,0.411832,0.373496,0.383055,0.404056,0.412899
213,0.393785,0.360785,0.372225,0.378601,0.38242,0.371208
214,0.394731,0.361731,0.371175,0.375227,0.372076,0.363626
215,0.395669,0.441669,0.378225,0.388516,0.406872,0.42606
216,0.3966,0.3706,0.377462,0.384932,0.388736,0.381692
217,0.397523,0.390523,0.378768,0.386051,0.38963,0.388757
218,0.398439,0.418439,0.382735,0.392528,0.404034,0.412503
219,0.399348,0.432348,0.387697,0.400492,0.418191,0.428379
220,0.40025,0.44025,0.392952,0.408444,0.429221,0.437876
221,0.401144,0.450144,0.398671,0.416784,0.439682,0.44769
222,0.402031,0.424031,0.401207,0.418233,0.431857,0.428763
223,0.402911,0.377911,0.398877,0.410169,0.404884,0.388081
224,0.403784,0.397784,0.398768,0.407692,0.401334,0.395843
225,0.404651,0.444651,0.403356,0.415084,0.422992,0.434889
226,0.40551,0.36051,0.399072,0.404169,0.391751,0.375386
227,0.406362,0.395362,0.398701,0.402408,0.393557,0.391367
228,0.407207,0.411207,0.399951,0.404167,0.402382,0.407239
229,0.408045,0.444045,0.404361,0.412143,0.423213,0.436684
230,0.408877,0.427877,0.406712,0.41529,0.425545,0.429638
231,0.409702,0.441702,0.410211,0.420572,0.433624,0.439289
232,0.41052,0.40252,0.409442,0.416962,0.418072,0.409874
233,0.411331,0.425331,0.411031,0.418636,0.421701,0.42224
234,0.412136,0.459136,0.415842,0.426736,0.440419,0.451757
235,0.412934,0.369934,0.411251,0.415375,0.405176,0.386299
236,0.413726,0.418726,0.411998,0.416045,0.411951,0.412241
237,0.414511,0.368511,0.40765,0.406539,0.390231,0.377257
238,0.415289,0.413289,0.408214,0.407889,0.40176,0.406083
239,0.416062,0.377062,0.405098,0.401723,0.389411,0.382866
240,0.416827,0.388827,0.403471,0.399144,0.389119,0.387635
241,0.417587,0.395587,0.402683,0.398433,0.392353,0.393997
242,0.41834,0.46734,0.409149,0.412214,0.429847,0.452671
243,0.419087,0.412087,0.409442,0.412189,0.420967,0.420204
244,0.419827,0.415827,0.410081,0.412916,0.418397,0.416702
245,0.420561,0.438561,0.412929,0.418045,0.428479,0.434189
246,0.42129,0.41129,0.412765,0.416694,0.419884,0.41587
247,0.422012,0.394012,0.41089,0.412158,0.406948,0.398384
248,0.422728,0.383728,0.408174,0.406472,0.395338,0.386659
249,0.423438,0.383438,0.4057,0.401865,0.389388,0.384082
250,0.424142,0.379142,0.403044,0.39732,0.384265,0.38013
251,0.42484,0.37584,0.400324,0.393024,0.380053,0.376698
252,0.425532,0.436532,0.403945,0.401726,0.408292,0.424565
253,0.426218,0.406218,0.404172,0.402624,0.407255,0.409887
254,0.426899,0.454899,0.409245,0.413079,0.431077,0.445897
255,0.427574,0.382574,0.406578,0.406978,0.406826,0.395239
256,0.428242,0.398242,0.405744,0.405231,0.402534,0.397641
257,0.428906,0.414906,0.40666,0.407166,0.40872,0.411453
258,0.429563,0.423563,0.40835,0.410445,0.416141,0.421141
259,0.430215,0.406215,0.408137,0.409599,0.411178,0.4092
260,0.430862,0.402862,0.407609,0.408252,0.40702,0.40413
261,0.431502,0.446502,0.411499,0.415902,0.426761,0.438028
262,0.432138,0.390138,0.409363,0.410749,0.40845,0.399716
263,0.432768,0.398768,0.408303,0.408353,0.403609,0.398958
264,0.433392,0.465392,0.414012,0.419761,0.4345,0.452105
265,0.434011,0.442011,0.416812,0.424211,0.438256,0.44403
266,0.434625,0.408625,0.415993,0.421094,0.42344,0.415706
267,0.435233,0.422233,0.416617,0.421321,0.422837,0.420928
268,0.435836,0.447836,0.419739,0.426624,0.435336,0.442454
269,0.436434,0.410434,0.418809,0.423386,0.422885,0.416838
270,0.437027,0.387027,0.41563,0.416114,0.404956,0.392989
271,0.437614,0.423614,0.416429,0.417614,0.414285,0.417489
272,0.438197,0.440197,0.418806,0.422131,0.427241,0.435655
273,0.438774,0.487774,0.425702,0.43526,0.457508,0.47735
274,0.439346,0.468346,0.429967,0.441877,0.462927,0.470147
275,0.439913,0.439913,0.430961,0.441484,0.45142,0.44596
276,0.440476,0.458476,0.433713,0.444882,0.454948,0.455973
277,0.441033,0.462033,0.436545,0.448313,0.45849,0.460821
278,0.441585,0.464585,0.439349,0.451567,0.461538,0.463832
279,0.442133,0.423133,0.437727,0.44588,0.442335,0.431273
280,0.442676,0.473676,0.441322,0.451439,0.458006,0.465195
281,0.443214,0.423214,0.439511,0.445794,0.44061,0.43161
282,0.443747,0.426747,0.438235,0.441985,0.433678,0.42772
283,0.444276,0.488276,0.443239,0.451243,0.460977,0.476165
284,0.444799,0.454799,0.444395,0.451954,0.457888,0.459072
285,0.445319,0.458319,0.445787,0.453227,0.458104,0.45847
286,0.445833,0.494833,0.450692,0.461548,0.476468,0.48756
287,0.446343,0.477343,0.453357,0.464707,0.476906,0.479386
288,0.446849,0.495849,0.457606,0.470936,0.486377,0.492556
289,0.44735,0.49335,0.461181,0.475419,0.489864,0.493191
290,0.447846,0.456846,0.460747,0.471704,0.473355,0.464115
291,0.448339,0.471339,0.461806,0.471631,0.472347,0.469894
292,0.448826,0.411826,0.456808,0.45967,0.442086,0.42344
293,0.44931,0.46731,0.457858,0.461198,0.454698,0.458536
294,0.449789,0.489789,0.461052,0.466916,0.472244,0.483538
295,0.450263,0.495263,0.464473,0.472586,0.483753,0.492918
296,0.450734,0.426734,0.460699,0.463415,0.455244,0.439971
297,0.4512,0.4672,0.461349,0.464172,0.461222,0.461754
298,0.451662,0.485662,0.46378,0.46847,0.473442,0.48088
299,0.45212,0.44212,0.461614,0.4632,0.457781,0.449872
300,0.452574,0.492574,0.46471,0.469075,0.475177,0.484034
301,0.453024,0.487024,0.466942,0.472665,0.481101,0.486426
302,0.45347,0.47947,0.468194,0.474026,0.480285,0.480861
303,0.453911,0.445911,0.465966,0.468403,0.463098,0.452901
304,0.454349,0.440349,0.463404,0.462792,0.451724,0.442859
305,0.454783,0.411783,0.458242,0.45259,0.431753,0.417998
306,0.455212,0.450212,0.457439,0.452115,0.440983,0.443769
307,0.455638,0.461638,0.457859,0.454019,0.45131,0.458064
308,0.45606,0.48506,0.460579,0.460227,0.468185,0.479661
309,0.456478,0.424478,0.456969,0.453078,0.446332,0.435515
310,0.456893,0.493893,0.460661,0.461241,0.470112,0.482217
311,0.457303,0.419303,0.456526,0.452853,0.444708,0.431886
312,0.45771,0.45571,0.456444,0.453424,0.450209,0.450945
313,0.458113,0.480113,0.458811,0.458762,0.465161,0.474279
314,0.458513,0.467513,0.459681,0.460512,0.466337,0.468866
315,0.458909,0.417909,0.455504,0.451992,0.442123,0.4281
316,0.459301,0.445301,0.454484,0.450654,0.443712,0.441861
317,0.45969,0.41969,0.451004,0.444461,0.431701,0.424124
318,0.460075,0.452075,0.451111,0.445984,0.441888,0.446485
319,0.460456,0.497456,0.455746,0.456278,0.469672,0.487262
320,0.460834,0.416834,0.451855,0.448389,0.443253,0.43092
321,0.461209,0.412209,0.44789,0.441153,0.427731,0.415951
322,0.46158,0.42458,0.445559,0.437839,0.426155,0.422854
323,0.461948,0.483948,0.449398,0.44706,0.455052,0.471729
324,0.462312,0.433312,0.447789,0.444311,0.444182,0.440995
325,0.462673,0.467673,0.449778,0.448983,0.455927,0.462337
326,0.463031,0.432031,0.448003,0.445593,0.443979,0.438092
327,0.463385,0.512385,0.454441,0.458951,0.478182,0.497526
328,0.463736,0.434736,0.452471,0.454108,0.456459,0.447294
329,0.464084,0.418084,0.449032,0.446903,0.437272,0.423926
330,0.464429,0.453429,0.449472,0.448208,0.44535,0.447528
331,0.46477,0.42577,0.447102,0.443721,0.43556,0.430122
332,0.465109,0.455109,0.447902,0.445998,0.445335,0.450112
333,0.465444,0.482444,0.451356,0.453288,0.463889,0.475978
334,0.465776,0.420776,0.448298,0.446785,0.442333,0.431816
335,0.466105,0.444105,0.447879,0.446249,0.443219,0.441647
336,0.466431,0.443431,0.447434,0.445686,0.443325,0.443074
337,0.466754,0.466754,0.449366,0.449899,0.455039,0.462018
338,0.467074,0.501074,0.454537,0.460134,0.478057,0.493263
339,0.467391,0.475391,0.456622,0.463186,0.476724,0.478965
340,0.467705,0.437705,0.454731,0.458089,0.457214,0.445957
341,0.468016,0.442016,0.453459,0.454875,0.449615,0.442804
342,0.468324,0.440324,0.452146,0.451965,0.44497,0.44082
343,0.468629,0.487629,0.455694,0.459097,0.466299,0.478267
344,0.468932,0.514932,0.461618,0.470264,0.490616,0.507599
345,0.469231,0.500231,0.465479,0.476258,0.495423,0.501705
346,0.469528,0.449528,0.463884,0.470912,0.472476,0.459963
347,0.469822,0.503822,0.467878,0.477494,0.488149,0.49505
348,0.470113,0.512113,0.472301,0.484418,0.500131,0.5087
349,0.470402,0.492402,0.474311,0.486015,0.496266,0.495662
350,0.470688,0.492688,0.476149,0.487349,0.494477,0.493283
351,0.470971,0.470971,0.475631,0.484074,0.482724,0.475433
352,0.471252,0.446252,0.472693,0.476509,0.464488,0.452088
353,0.471529,0.506529,0.476077,0.482513,0.485509,0.495641
354,0.471805,0.443805,0.47285,0.474772,0.464657,0.454172
355,0.472077,0.521077,0.477672,0.484033,0.492867,0.507696
356,0.472348,0.462348,0.47614,0.479696,0.477607,0.471418
357,0.472615,0.464615,0.474987,0.47668,0.471111,0.465976
358,0.47288,0.52088,0.479577,0.48552,0.495996,0.509899
359,0.473143,0.436143,0.475233,0.475644,0.466069,0.450894
360,0.473403,0.521403,0.47985,0.484796,0.493736,0.507301
361,0.473661,0.513661,0.483231,0.490569,0.503699,0.512389
362,0.473916,0.447916,0.4797,0.482038,0.475807,0.460811
363,0.474169,0.514169,0.483147,0.488465,0.494988,0.503497
364,0.474419,0.433419,0.478174,0.477455,0.464204,0.447435
365,0.474667,0.505667,0.480923,0.483098,0.484935,0.494021
366,0.474913,0.443913,0.477222,0.475261,0.464424,0.453935
367,0.475156,0.461156,0.475616,0.47244,0.46279,0.459712
368,0.475398,0.457398,0.473794,0.469431,0.460094,0.457861
369,0.475636,0.480636,0.474478,0.471672,0.470365,0.476081
370,0.475873,0.519873,0.479018,0.481313,0.495119,0.511115
371,0.476107,0.430107,0.474127,0.471071,0.462613,0.446309
372,0.476339,0.505339,0.477248,0.477925,0.483976,0.493533
373,0.476569,0.495569,0.47908,0.481454,0.489773,0.495162
374,0.476797,0.499797,0.481152,0.485122,0.494785,0.49887
375,0.477023,0.503023,0.483339,0.488703,0.498904,0.502192
376,0.477246,0.477246,0.482729,0.486411,0.488075,0.482235
377,0.477467,0.482467,0.482703,0.485622,0.485271,0.482421
378,0.477687,0.487687,0.483202,0.486035,0.486479,0.486634
379,0.477904,0.469904,0.481872,0.482809,0.478191,0.47325
380,0.478119,0.507119,0.484397,0.487671,0.492655,0.500345
381,0.478332,0.512332,0.48719,0.492603,0.502494,0.509935
382,0.478543,0.521543,0.490625,0.498391,0.512018,0.519221
383,0.478752,0.433752,0.484938,0.485463,0.472885,0.450846
384,0.478959,0.449959,0.48144,0.478362,0.461422,0.450136
385,0.479164,0.496164,0.482913,0.481923,0.478793,0.486958
386,0.479367,0.433367,0.477958,0.472212,0.45608,0.444085
387,0.479568,0.442568,0.474419,0.466283,0.449324,0.442871
388,0.479767,0.490767,0.476054,0.47118,0.470046,0.481188
389,0.479964,0.483964,0.476845,0.473737,0.477005,0.483409
390,0.48016,0.45616,0.474776,0.470221,0.466582,0.46161
391,0.480353,0.489353,0.476234,0.474048,0.477968,0.483804
392,0.480545,0.474545,0.476065,0.474147,0.476256,0.476397
393,0.480735,0.432735,0.471732,0.465865,0.454496,0.441467
394,0.480923,0.432923,0.467851,0.459276,0.443709,0.434632
395,0.481109,0.437109,0.464777,0.454843,0.440409,0.436614
396,0.481293,0.515293,0.469829,0.466933,0.477851,0.499557
397,0.481476,0.452476,0.468093,0.464042,0.465164,0.461892
398,0.481657,0.473657,0.46865,0.465965,0.46941,0.471304
399,0.481836,0.499836,0.471768,0.472739,0.484623,0.49413
400,0.482014,0.460014,0.470593,0.470194,0.472319,0.466837
401,0.48219,0.52119,0.475653,0.480393,0.496754,0.510319
402,0.482364,0.504364,0.478524,0.485187,0.500559,0.505555
403,0.482536,0.440536,0.474725,0.476257,0.470548,0.45354
404,0.482707,0.490707,0.476323,0.479147,0.480627,0.483274
405,0.482876,0.530876,0.481778,0.489493,0.505752,0.521356
406,0.483043,0.469043,0.480505,0.485403,0.487397,0.479506
407,0.483209,0.441209,0.476575,0.476564,0.464303,0.448868
408,0.483374,0.486374,0.477555,0.478526,0.475339,0.478873
409,0.483536,0.481536,0.477953,0.479128,0.478437,0.481003
410,0.483698,0.436698,0.473828,0.470642,0.457568,0.445559
411,0.483857,0.466857,0.473131,0.469885,0.462212,0.462597
412,0.484015,0.467015,0.472519,0.469311,0.464614,0.466131
413,0.484172,0.482172,0.473484,0.471883,0.473393,0.478964
414,0.484327,0.524327,0.478569,0.482372,0.49886,0.515254
415,0.48448,0.48848,0.47956,0.483594,0.49367,0.493835
416,0.484632,0.501632,0.481767,0.487201,0.497651,0.500073
417,0.484783,0.480783,0.481669,0.485918,0.489217,0.484641
418,0.484932,0.502932,0.483795,0.48932,0.496074,0.499274
419,0.48508,0.46408,0.481823,0.484272,0.480077,0.471119
420,0.485226,0.435226,0.477164,0.474463,0.457652,0.442405
421,0.485371,0.481371,0.477584,0.475845,0.469511,0.473578
422,0.485514,0.523514,0.482177,0.485379,0.496513,0.513527
423,0.485656,0.532656,0.487225,0.494834,0.514584,0.52883
424,0.485797,0.484797,0.486982,0.492827,0.499691,0.493604
425,0.485936,0.525936,0.490878,0.499449,0.512813,0.51947
426,0.486074,0.439074,0.485697,0.487374,0.475944,0.455153
427,0.486211,0.469211,0.484049,0.483741,0.472577,0.466399
428,0.486346,0.499346,0.485578,0.486862,0.485962,0.492757
429,0.48648,0.53348,0.490369,0.496186,0.509721,0.525335
430,0.486613,0.489613,0.490293,0.494871,0.499667,0.496757
431,0.486745,0.528745,0.494138,0.501646,0.514206,0.522347
432,0.486875,0.522875,0.497012,0.505892,0.51854,0.522769
433,0.487004,0.462004,0.493511,0.497114,0.490272,0.474157
434,0.487131,0.489131,0.493073,0.495518,0.489702,0.486136
435,0.487258,0.533258,0.497092,0.503066,0.51148,0.523834
436,0.487383,0.512383,0.498621,0.504929,0.511931,0.514673
437,0.487507,0.525507,0.501309,0.509045,0.518719,0.52334
438,0.48763,0.49463,0.500641,0.506162,0.506675,0.500372
439,0.487751,0.466751,0.497252,0.49828,0.486713,0.473475
440,0.487872,0.473872,0.494914,0.493398,0.480292,0.473793
441,0.487991,0.497991,0.495222,0.494317,0.489142,0.493151
442,0.488109,0.452109,0.490911,0.485875,0.470625,0.460317
443,0.488226,0.459226,0.487742,0.480545,0.464926,0.459444
444,0.488342,0.498342,0.488802,0.484105,0.481634,0.490562
445,0.488456,0.442456,0.484168,0.475775,0.462045,0.452077
446,0.48857,0.46657,0.482408,0.473934,0.464307,0.463671
447,0.488682,0.465682,0.480735,0.472284,0.464995,0.46528
448,0.488794,0.488794,0.481541,0.475586,0.476894,0.484091
449,0.488904,0.486904,0.482077,0.477849,0.481899,0.486341
450,0.489013,0.495013,0.483371,0.481282,0.488456,0.493279
451,0.489121,0.441121,0.479146,0.47325,0.464789,0.451553
452,0.489228,0.533228,0.484554,0.485245,0.499008,0.516893
453,0.489334,0.536334,0.489732,0.495463,0.517671,0.532446
454,0.489439,0.538439,0.494603,0.504058,0.528055,0.53724
455,0.489543,0.482543,0.493397,0.499755,0.505299,0.493482
456,0.489646,0.478646,0.491922,0.495533,0.491973,0.481613
457,0.489748,0.441748,0.486904,0.484776,0.46686,0.449721
458,0.489849,0.467849,0.484999,0.481391,0.467355,0.464223
459,0.489949,0.442949,0.480794,0.473702,0.455152,0.447204
460,0.490048,0.440048,0.476719,0.466972,0.4476,0.441479
461,0.490146,0.521146,0.481162,0.477806,0.484373,0.505213
462,0.490243,0.487243,0.48177,0.479694,0.485808,0.490837
463,0.490339,0.478339,0.481427,0.479423,0.482073,0.480839
464,0.490435,0.499435,0.483228,0.483425,0.490754,0.495716
465,0.490529,0.491529,0.484058,0.485046,0.491142,0.492366
466,0.490622,0.475622,0.483214,0.483161,0.483382,0.478971
467,0.490715,0.474715,0.482364,0.481472,0.479048,0.475566
468,0.490806,0.479806,0.482109,0.481139,0.479427,0.478958
469,0.490897,0.532897,0.487187,0.49149,0.506162,0.522109
470,0.490987,0.455987,0.484067,0.48439,0.481075,0.469211
471,0.491076,0.468076,0.482468,0.481127,0.474575,0.468303
472,0.491164,0.445164,0.478738,0.473934,0.45987,0.449792
473,0.491251,0.470251,0.477889,0.473198,0.46506,0.466159
474,0.491337,0.490337,0.479134,0.476626,0.477699,0.485501
475,0.491423,0.505423,0.481763,0.482385,0.491561,0.501439
476,0.491507,0.526507,0.486237,0.491209,0.509034,0.521493
477,0.491591,0.470591,0.484673,0.487086,0.489812,0.480771
478,0.491674,0.484674,0.484673,0.486603,0.487243,0.483893
479,0.491756,0.476756,0.483881,0.484634,0.482,0.478183
480,0.491837,0.518837,0.487377,0.491475,0.500418,0.510706
481,0.491918,0.441918,0.482831,0.481563,0.471168,0.455676
482,0.491998,0.479998,0.482548,0.48125,0.475583,0.475134
483,0.492077,0.513077,0.4856,0.487616,0.49433,0.505488
484,0.492155,0.491155,0.486156,0.488323,0.492743,0.494022
485,0.492232,0.531232,0.490664,0.496905,0.511987,0.52379
486,0.492309,0.509309,0.492528,0.499386,0.510648,0.512205
487,0.492385,0.530385,0.496314,0.505586,0.520517,0.526749
488,0.49246,0.53446,0.500128,0.511361,0.527488,0.532918
489,0.492535,0.537535,0.503869,0.516595,0.532512,0.536612
490,0.492608,0.485608,0.502043,0.510398,0.50906,0.495809
491,0.492681,0.486681,0.500507,0.505655,0.49787,0.488507
492,0.492754,0.471754,0.497631,0.498874,0.484812,0.475105
493,0.492825,0.532825,0.501151,0.505665,0.508819,0.521281
494,0.492896,0.524896,0.503525,0.509511,0.516857,0.524173
495,0.492966,0.482966,0.501469,0.504202,0.499912,0.491207
496,0.493036,0.484036,0.499726,0.500169,0.491974,0.48547
497,0.493105,0.512105,0.500964,0.502556,0.502039,0.506778
498,0.493173,0.469173,0.497785,0.495879,0.485606,0.476694
499,0.49324,0.47524,0.49553,0.491751,0.480423,0.475531
500,0.493307,0.504307,0.496408,0.494263,0.492365,0.498552
501,0.493373,0.485373,0.495305,0.492485,0.488869,0.488009
502,0.493439,0.503439,0.496118,0.494676,0.496154,0.500353
503,0.493504,0.460504,0.492557,0.487841,0.478329,0.468474
504,0.493568,0.466568,0.489958,0.483587,0.472449,0.466949
505,0.493631,0.504631,0.491425,0.487795,0.48854,0.497095
506,0.493694,0.524694,0.494752,0.495175,0.506617,0.519174
507,0.493757,0.452757,0.490552,0.486692,0.479687,0.46604
508,0.493819,0.533819,0.494879,0.496117,0.506753,0.520263
509,0.49388,0.46888,0.492279,0.49067,0.487816,0.479157
510,0.49394,0.53994,0.497045,0.500524,0.513878,0.527783
511,0.494,0.511,0.498441,0.502619,0.512439,0.514357
512,0.494059,0.521059,0.500703,0.506307,0.516749,0.519719
513,0.494118,0.478118,0.498444,0.500669,0.497434,0.486438
514,0.494176,0.534176,0.502017,0.507371,0.515805,0.524628
515,0.494234,0.470234,0.498839,0.499943,0.493019,0.481113
516,0.494291,0.468291,0.495784,0.493613,0.480655,0.470855
517,0.494348,0.501348,0.496341,0.49516,0.491002,0.495249
518,0.494403,0.458403,0.492547,0.487808,0.474702,0.465772
519,0.494459,0.512459,0.494538,0.492739,0.493581,0.503122
520,0.494514,0.449514,0.490036,0.484094,0.471547,0.460236
521,0.494568,0.502568,0.491289,0.487789,0.487058,0.494102
522,0.494622,0.456622,0.487822,0.481555,0.47184,0.464118
523,0.494675,0.530675,0.492107,0.491379,0.501257,0.517364
524,0.494728,0.444728,0.48737,0.482049,0.472993,0.459255
525,0.49478,0.49078,0.487711,0.483795,0.481886,0.484475
526,0.494832,0.470832,0.486023,0.481203,0.476359,0.473561
527,0.494883,0.538883,0.491309,0.492739,0.507621,0.525819
528,0.494933,0.460933,0.488271,0.486377,0.484277,0.47391
529,0.494984,0.496984,0.489142,0.488499,0.490631,0.492369
530,0.495033,0.523033,0.492531,0.495406,0.506832,0.5169
531,0.495082,0.474082,0.490687,0.491141,0.490457,0.482646
532,0.495131,0.491131,0.490731,0.491139,0.490794,0.489434
533,0.495179,0.535179,0.495176,0.499947,0.512986,0.52603
534,0.495227,0.492227,0.494881,0.498403,0.502607,0.498988
535,0.495274,0.515274,0.49692,0.501777,0.50894,0.512017
536,0.495321,0.496321,0.49686,0.500686,0.502631,0.49946
537,0.495367,0.525367,0.499711,0.505622,0.513999,0.520186
538,0.495413,0.476413,0.497381,0.49978,0.495206,0.485168
539,0.495459,0.538459,0.501489,0.507516,0.516832,0.527801
540,0.495504,0.502504,0.50159,0.506514,0.509668,0.507563
541,0.495548,0.472548,0.498686,0.499721,0.491108,0.479551
542,0.495592,0.457592,0.494577,0.491295,0.47435,0.461984
543,0.495636,0.531636,0.498283,0.499363,0.502993,0.517706
544,0.495679,0.459679,0.494422,0.491426,0.481336,0.471284
545,0.495722,0.500722,0.495052,0.493285,0.491029,0.494834
546,0.495764,0.457764,0.491323,0.486181,0.474397,0.465178
547,0.495806,0.535806,0.495772,0.496106,0.505101,0.52168
548,0.495848,0.457848,0.491979,0.488454,0.481475,0.470614
549,0.495889,0.524889,0.49527,0.495741,0.503182,0.514034
550,0.49593,0.45593,0.491336,0.487779,0.479556,0.467551
551,0.49597,0.51497,0.4937,0.493217,0.497263,0.505486
552,0.49601,0.53501,0.497831,0.501576,0.516136,0.529105
553,0.49605,0.52005,0.500053,0.505271,0.518093,0.521861
554,0.496089,0.501089,0.500156,0.504434,0.509591,0.505243
555,0.496128,0.487128,0.498853,0.500973,0.49836,0.490751
556,0.496166,0.466166,0.495585,0.494012,0.482263,0.471083
557,0.496204,0.479204,0.493947,0.49105,0.480733,0.47758
558,0.496242,0.533242,0.497876,0.499488,0.506988,0.52211
559,0.496279,0.534279,0.501516,0.506447,0.520633,0.531845
560,0.496316,0.484316,0.499796,0.50202,0.502475,0.493822
561,0.496352,0.512352,0.501052,0.504087,0.507413,0.508646
562,0.496388,0.516388,0.502586,0.506547,0.511901,0.51484
563,0.496424,0.530424,0.505369,0.511322,0.521162,0.527307
564,0.49646,0.50246,0.505078,0.50955,0.511811,0.507429
565,0.496495,0.463495,0.50092,0.500339,0.487653,0.472282
566,0.49653,0.45253,0.496081,0.490777,0.470092,0.45648
567,0.496564,0.506564,0.497129,0.493935,0.488328,0.496547
568,0.496598,0.495598,0.496976,0.494267,0.491963,0.495788
569,0.496632,0.483632,0.495642,0.49214,0.487797,0.486063
570,0.496665,0.451665,0.491244,0.484045,0.469731,0.458545
571,0.496698,0.505698,0.49269,0.488376,0.487715,0.496267
572,0.496731,0.463731,0.489794,0.483447,0.475723,0.470238
573,0.496763,0.464763,0.487291,0.47971,0.470243,0.465858
574,0.496796,0.491796,0.487741,0.482127,0.481019,0.486608
575,0.496827,0.529827,0.49195,0.491667,0.505423,0.521183
576,0.496859,0.519859,0.494741,0.497306,0.512641,0.520124
577,0.49689,0.50489,0.495756,0.498822,0.508766,0.507937
578,0.496921,0.519921,0.498172,0.503042,0.514343,0.517524
579,0.496951,0.483951,0.49675,0.499224,0.499147,0.490666
580,0.496982,0.535982,0.500673,0.506576,0.517565,0.526919
581,0.497012,0.530012,0.503607,0.511263,0.523788,0.529393
582,0.497041,0.454041,0.49865,0.499818,0.488915,0.469111
583,0.497071,0.525071,0.501293,0.504869,0.506993,0.513879
584,0.4971,0.5041,0.501573,0.504715,0.505546,0.506056
585,0.497128,0.461128,0.497529,0.495998,0.483337,0.470114
586,0.497157,0.518157,0.499592,0.50043,0.500747,0.508548
587,0.497185,0.476185,0.497251,0.495581,0.488466,0.482658
588,0.497213,0.447213,0.492247,0.485907,0.46784,0.454302
589,0.497241,0.506241,0.493647,0.489974,0.48704,0.495853
590,0.497268,0.465268,0.490809,0.485033,0.476154,0.471385
591,0.497295,0.485295,0.490257,0.485085,0.480725,0.482513
592,0.497322,0.472322,0.488464,0.482533,0.476523,0.47436
593,0.497349,0.535349,0.493152,0.493096,0.505936,0.523151
594,0.497375,0.521375,0.495975,0.498752,0.513656,0.52173
595,0.497401,0.480401,0.494417,0.495082,0.497028,0.488667
596,0.497427,0.504427,0.495418,0.496951,0.500728,0.501275
597,0.497452,0.528452,0.498722,0.503251,0.51459,0.523017
598,0.497478,0.540478,0.502897,0.510696,0.527534,0.536986
599,0.497503,0.505503,0.503158,0.509658,0.516518,0.5118
600,0.497527,0.517527,0.504595,0.511232,0.517023,0.516382
601,0.497552,0.546552,0.50879,0.518296,0.531787,0.540518
602,0.497576,0.464576,0.504369,0.507552,0.498182,0.479764
603,0.4976,0.4866,0.502592,0.503361,0.492391,0.485233
604,0.497624,0.516624,0.503995,0.506014,0.504507,0.510346
605,0.497648,0.510648,0.504661,0.506941,0.507578,0.510588
606,0.497671,0.469671,0.501162,0.499487,0.488624,0.477854
607,0.497694,0.541694,0.505215,0.507928,0.515159,0.528926
608,0.497717,0.520717,0.506765,0.510486,0.517938,0.522359
609,0.49774,0.49474,0.505563,0.507337,0.506339,0.500264
610,0.497762,0.478762,0.502882,0.501622,0.492551,0.483062
611,0.497784,0.509784,0.503573,0.503254,0.501167,0.50444
612,0.497806,0.529806,0.506196,0.508565,0.515487,0.524733
613,0.497828,0.537828,0.509359,0.514417,0.526657,0.535209
614,0.49785,0.53985,0.512408,0.519504,0.533254,0.538922
615,0.497871,0.538871,0.515055,0.523377,0.536062,0.538881
616,0.497892,0.504892,0.514038,0.51968,0.520477,0.51169
617,0.497913,0.462913,0.508926,0.508327,0.491695,0.472668
618,0.497934,0.468934,0.504927,0.500448,0.480315,0.469681
619,0.497954,0.504954,0.504929,0.501349,0.492634,0.497899
620,0.497975,0.521975,0.506634,0.505474,0.507305,0.51716
621,0.497995,0.538995,0.50987,0.512179,0.52315,0.534628
622,0.498015,0.495015,0.508385,0.508746,0.509082,0.502938
623,0.498034,0.499034,0.507449,0.506804,0.504058,0.499815
624,0.498054,0.479054,0.50461,0.501254,0.491556,0.483206
625,0.498073,0.469073,0.501056,0.494817,0.480315,0.4719
626,0.498092,0.485092,0.49946,0.492872,0.482703,0.482454
627,0.498111,0.488111,0.498325,0.49192,0.485407,0.48698
628,0.49813,0.50213,0.498705,0.493962,0.493769,0.4991
629,0.498149,0.478149,0.49665,0.490799,0.485959,0.482339
630,0.498167,0.546167,0.501602,0.501873,0.516063,0.533401
631,0.498185,0.473185,0.49876,0.496135,0.494624,0.485228
632,0.498203,0.529203,0.501804,0.502749,0.511913,0.520408
633,0.498221,0.464221,0.498046,0.495043,0.488067,0.475458
634,0.498239,0.464239,0.494665,0.488882,0.476153,0.466483
635,0.498256,0.450256,0.490224,0.481157,0.463205,0.453501
636,0.498274,0.479274,0.489129,0.480781,0.471239,0.474119
637,0.498291,0.487291,0.488945,0.482083,0.479265,0.484657
638,0.498308,0.544308,0.494482,0.494528,0.511787,0.532378
639,0.498325,0.452325,0.490266,0.486087,0.482056,0.468336
640,0.498341,0.486341,0.489873,0.486138,0.484198,0.48274
641,0.498358,0.528358,0.493722,0.494582,0.506278,0.519234
642,0.498374,0.466374,0.490987,0.48894,0.486326,0.476946
643,0.49839,0.46939,0.488827,0.48503,0.477858,0.470901
644,0.498406,0.518406,0.491785,0.491705,0.498132,0.508905
645,0.498422,0.510422,0.493649,0.495449,0.504277,0.510119
646,0.498438,0.460438,0.490328,0.488447,0.482358,0.470374
647,0.498453,0.527453,0.49404,0.496248,0.504905,0.516037
648,0.498469,0.525469,0.497183,0.502092,0.515187,0.523583
649,0.498484,0.533484,0.500813,0.50837,0.524336,0.531504
650,0.498499,0.484499,0.499182,0.503596,0.504417,0.4939
651,0.498514,0.452514,0.494515,0.49338,0.478466,0.460791
652,0.498528,0.524528,0.497516,0.499609,0.501497,0.511781
653,0.498543,0.531543,0.500919,0.505996,0.51652,0.527591
654,0.498558,0.455558,0.496383,0.495908,0.486039,0.469965
655,0.498572,0.507572,0.497502,0.498241,0.496805,0.500051
656,0.498586,0.505586,0.49831,0.49971,0.501196,0.504479
657,0.4986,0.4926,0.497739,0.498288,0.496898,0.494976
658,0.498614,0.547614,0.502727,0.508153,0.522256,0.537086
659,0.498628,0.459628,0.498417,0.498448,0.490942,0.47512
660,0.498641,0.475641,0.496139,0.493887,0.483291,0.475537
661,0.498655,0.498655,0.496391,0.49484,0.490973,0.494031
662,0.498668,0.484668,0.495219,0.492806,0.487821,0.486541
663,0.498682,0.508682,0.496565,0.495981,0.498251,0.504254
664,0.498695,0.466695,0.493578,0.490124,0.482473,0.474207
665,0.498708,0.453708,0.489591,0.482841,0.468091,0.457808
666,0.49872,0.51172,0.491804,0.488617,0.489905,0.500938
667,0.498733,0.497733,0.492397,0.49044,0.493819,0.498374
668,0.498746,0.492746,0.492432,0.490901,0.493283,0.493872
669,0.498758,0.459758,0.489164,0.484672,0.47652,0.466581
670,0.498771,0.453771,0.485625,0.478492,0.465146,0.456333
671,0.498783,0.482783,0.485341,0.47935,0.473964,0.477493
672,0.498795,0.539795,0.490786,0.491439,0.50688,0.527335
673,0.498807,0.523807,0.494088,0.497913,0.515343,0.524513
674,0.498819,0.503819,0.495061,0.499094,0.509581,0.507958
675,0.49883,0.46283,0.491838,0.491841,0.486206,0.471856
676,0.498842,0.537842,0.496439,0.501041,0.512024,0.524645
677,0.498854,0.516854,0.49848,0.504204,0.514439,0.518412
678,0.498865,0.541865,0.502819,0.511736,0.528152,0.537174
679,0.498876,0.466876,0.499224,0.502764,0.497514,0.480936
680,0.498887,0.453887,0.494691,0.492989,0.4757,0.459297
681,0.498899,0.530899,0.498311,0.500571,0.5033,0.516579
682,0.498909,0.470909,0.495571,0.494638,0.487104,0.480043
683,0.49892,0.53092,0.499106,0.501895,0.509012,0.520745
684,0.498931,0.465931,0.495789,0.494702,0.487472,0.476894
685,0.498942,0.478942,0.494104,0.49155,0.483207,0.478532
686,0.498952,0.541952,0.498889,0.50163,0.512579,0.529268
687,0.498963,0.522963,0.501296,0.505897,0.517771,0.524224
688,0.498973,0.474973,0.498664,0.499712,0.496372,0.484823
689,0.498983,0.541983,0.502996,0.508166,0.519178,0.530551
690,0.498993,0.534993,0.506195,0.513532,0.527085,0.534105
691,0.499003,0.502003,0.505776,0.511226,0.514544,0.508423
692,0.499013,0.492013,0.5044,0.507383,0.503279,0.495295
693,0.499023,0.523023,0.506262,0.510511,0.513151,0.517477
694,0.499033,0.463033,0.501939,0.501016,0.488092,0.473922
695,0.499042,0.462042,0.49795,0.493221,0.475067,0.464418
696,0.499052,0.528052,0.50096,0.500187,0.501559,0.515325
697,0.499061,0.526061,0.50347,0.505362,0.51381,0.523914
698,0.499071,0.511071,0.50423,0.506504,0.512441,0.51364
699,0.49908,0.52408,0.506215,0.510019,0.51826,0.521992
700,0.499089,0.537089,0.509302,0.515433,0.527675,0.53407
701,0.499098,0.468098,0.505182,0.505966,0.497886,0.481292
702,0.499107,0.459107,0.500574,0.496594,0.478497,0.463544
703,0.499116,0.481116,0.498629,0.493499,0.479806,0.477602
704,0.499125,0.543125,0.503078,0.503424,0.511466,0.53002
705,0.499133,0.466133,0.499384,0.495966,0.488799,0.47891
706,0.499142,0.495142,0.49896,0.495801,0.491971,0.491896
707,0.49915,0.48415,0.497479,0.493471,0.48806,0.485699
708,0.499159,0.486159,0.496347,0.492008,0.48711,0.486067
709,0.499167,0.540167,0.500729,0.50164,0.513638,0.529347
710,0.499176,0.502176,0.500873,0.501747,0.507907,0.50761
711,0.499184,0.492184,0.500004,0.499835,0.500046,0.495269
712,0.499192,0.522192,0.502223,0.504306,0.511119,0.516807
713,0.4992,0.4772,0.499721,0.498885,0.494159,0.485121
714,0.499208,0.474208,0.49717,0.49395,0.484184,0.476391
715,0.499216,0.540216,0.501474,0.503203,0.5122,0.527451
716,0.499224,0.459224,0.497249,0.494407,0.485712,0.472869
717,0.499231,0.467231,0.494247,0.488972,0.476471,0.468359
718,0.499239,0.466239,0.491447,0.484425,0.471355,0.466663
719,0.499246,0.485246,0.490827,0.484589,0.478301,0.481529
720,0.499254,0.512254,0.492969,0.490122,0.495277,0.506109
721,0.499261,0.504261,0.494098,0.49295,0.499769,0.504631
722,0.499269,0.539269,0.498615,0.502214,0.519519,0.532341
723,0.499276,0.507276,0.499482,0.503226,0.513398,0.512289
724,0.499283,0.479283,0.497462,0.498438,0.49634,0.485884
725,0.49929,0.45329,0.493045,0.489408,0.474815,0.459809
726,0.499297,0.520297,0.49577,0.495586,0.497556,0.508199
727,0.499304,0.510304,0.497223,0.49853,0.50393,0.509883
728,0.499311,0.482311,0.495732,0.495286,0.493121,0.487825
729,0.499318,0.534318,0.499591,0.503092,0.513719,0.525019
730,0.499325,0.538325,0.503464,0.510139,0.526022,0.535664
731,0.499332,0.522332,0.505351,0.512577,0.524177,0.524998
732,0.499338,0.453338,0.50015,0.50073,0.488758,0.46767
733,0.499345,0.500345,0.500169,0.500653,0.494551,0.49381
734,0.499351,0.454351,0.495587,0.491392,0.474451,0.462243
735,0.499358,0.499358,0.495964,0.492985,0.486905,0.491935
736,0.499364,0.517364,0.498104,0.497861,0.502134,0.512278
737,0.499371,0.452371,0.493531,0.488763,0.477253,0.464352
738,0.499377,0.534377,0.497616,0.497886,0.505815,0.520372
739,0.499383,0.455383,0.493392,0.489385,0.480599,0.468381
740,0.499389,0.544389,0.498492,0.500386,0.512494,0.529187
741,0.499395,0.488395,0.497482,0.497988,0.500444,0.496553
742,0.499401,0.498401,0.497574,0.49807,0.499423,0.498031
743,0.499407,0.469407,0.494757,0.492338,0.484415,0.475132
744,0.499413,0.516413,0.496923,0.497153,0.500414,0.508157
745,0.499419,0.475419,0.494773,0.492806,0.487916,0.481967
746,0.499425,0.512425,0.496538,0.49673,0.500171,0.506333
747,0.49943,0.52643,0.499527,0.50267,0.5133,0.522411
748,0.499436,0.545436,0.504118,0.511223,0.529368,0.540831
749,0.499442,0.530442,0.50675,0.515067,0.529905,0.53252
750,0.499447,0.514447,0.50752,0.514943,0.522176,0.518062
751,0.499453,0.509453,0.507713,0.513845,0.515815,0.511175
752,0.499458,0.485458,0.505488,0.508168,0.500636,0.490601
753,0.499464,0.504464,0.505385,0.507427,0.50255,0.501691
754,0.499469,0.519469,0.506794,0.509835,0.51101,0.515913
755,0.499474,0.467474,0.502862,0.501363,0.489242,0.477162
756,0.499479,0.460479,0.498624,0.493186,0.47486,0.463816
757,0.499485,0.491485,0.49791,0.492846,0.483173,0.485951
758,0.49949,0.48149,0.496268,0.490575,0.482331,0.482382
759,0.499495,0.545495,0.50119,0.501559,0.513913,0.532872
760,0.4995,0.5285,0.503921,0.506947,0.521207,0.529374
761,0.499505,0.470505,0.50058,0.499659,0.495856,0.482279
762,0.49951,0.51951,0.502473,0.503629,0.507683,0.512064
763,0.499515,0.533515,0.505577,0.509606,0.520599,0.529225
764,0.499519,0.521519,0.507171,0.511989,0.521059,0.52306
765,0.499524,0.476524,0.504106,0.504896,0.498791,0.485831
766,0.499529,0.483529,0.502049,0.500622,0.49116,0.483989
767,0.499534,0.489534,0.500797,0.498405,0.490347,0.488425
768,0.499538,0.532538,0.503971,0.505231,0.511443,0.523715
769,0.499543,0.521543,0.505728,0.508494,0.516493,0.521977
770,0.499547,0.547547,0.50991,0.516304,0.53202,0.542433
771,0.499552,0.479552,0.506875,0.508954,0.505786,0.492128
772,0.499556,0.512556,0.507443,0.509674,0.509171,0.50847
773,0.499561,0.496561,0.506354,0.507052,0.502866,0.498943
774,0.499565,0.499565,0.505676,0.505554,0.501215,0.499441
775,0.499569,0.479569,0.503065,0.500357,0.490392,0.483543
776,0.499574,0.522574,0.505016,0.504801,0.506483,0.514768
777,0.499578,0.463578,0.500872,0.496556,0.485031,0.473816
778,0.499582,0.508582,0.501643,0.498961,0.496806,0.501629
779,0.499586,0.471586,0.498637,0.493486,0.484196,0.477595
780,0.49959,0.49659,0.498433,0.494107,0.490393,0.492791
781,0.499595,0.473595,0.495949,0.490005,0.481994,0.477434
782,0.499599,0.531599,0.499514,0.498323,0.506797,0.520766
783,0.499603,0.484603,0.498023,0.495579,0.4957,0.491836
784,0.499606,0.481606,0.496381,0.492785,0.488653,0.483652
785,0.49961,0.45361,0.492104,0.48495,0.471131,0.459618
786,0.499614,0.503614,0.493255,0.488683,0.487373,0.494815
787,0.499618,0.492618,0.493191,0.48947,0.489995,0.493057
788,0.499622,0.547622,0.498634,0.5011,0.518809,0.536709
789,0.499626,0.535626,0.502334,0.508005,0.527217,0.535843
790,0.499629,0.489629,0.501063,0.50433,0.508423,0.498872
791,0.499633,0.527633,0.50372,0.508991,0.518028,0.521881
792,0.499637,0.508637,0.504212,0.50892,0.513333,0.511286
793,0.49964,0.51164,0.504955,0.509464,0.512486,0.511569
794,0.499644,0.511644,0.505624,0.5099,0.512065,0.511629
795,0.499647,0.532647,0.508326,0.514449,0.522356,0.528443
796,0.499651,0.490651,0.506558,0.50969,0.506504,0.498209
797,0.499654,0.497654,0.505668,0.507283,0.502079,0.497765
798,0.499658,0.472658,0.502367,0.500358,0.487368,0.477679
799,0.499661,0.473661,0.499496,0.495018,0.480515,0.474465
800,0.499665,0.521665,0.501713,0.500348,0.50109,0.512225
801,0.499668,0.471668,0.498709,0.494612,0.486379,0.479779
802,0.499671,0.503671,0.499205,0.496424,0.495025,0.498893
803,0.499675,0.484675,0.497752,0.494074,0.48985,0.487519
804,0.499678,0.470678,0.495045,0.489395,0.480264,0.474046
805,0.499681,0.506681,0.496208,0.492852,0.493472,0.500154
806,0.499684,0.514684,0.498056,0.497218,0.504078,0.511778
807,0.499687,0.496687,0.497919,0.497112,0.500383,0.499705
808,0.49969,0.52069,0.500196,0.501828,0.510536,0.516493
809,0.499694,0.525694,0.502746,0.506601,0.518115,0.523854
810,0.499697,0.518697,0.504341,0.50902,0.518406,0.519728
811,0.4997,0.4677,0.500677,0.500756,0.493053,0.478106
812,0.499703,0.450703,0.495679,0.490745,0.471878,0.456184
813,0.499706,0.452706,0.491382,0.483138,0.462292,0.453402
814,0.499708,0.502708,0.492515,0.487052,0.4825,0.492847
815,0.499711,0.482711,0.491534,0.486184,0.482606,0.484738
816,0.499714,0.456714,0.488052,0.48029,0.46966,0.462319
817,0.499717,0.508717,0.490119,0.485975,0.489188,0.499437
818,0.49972,0.47772,0.488879,0.484324,0.483454,0.482063
819,0.499723,0.455723,0.485563,0.478604,0.469589,0.460991
820,0.499725,0.546725,0.491679,0.492228,0.508157,0.529578
821,0.499728,0.469728,0.489484,0.487728,0.488942,0.481698
822,0.499731,0.533731,0.493909,0.496929,0.511337,0.523324
823,0.499734,0.457734,0.490291,0.48909,0.484535,0.470852
824,0.499736,0.483736,0.489636,0.488019,0.484136,0.481159
825,0.499739,0.547739,0.495446,0.499963,0.515937,0.534423
826,0.499741,0.540741,0.499976,0.508119,0.528339,0.539477
827,0.499744,0.525744,0.502553,0.511644,0.527042,0.528491
828,0.499747,0.547747,0.507072,0.518864,0.537394,0.543896
829,0.499749,0.464749,0.50284,0.508041,0.501072,0.480578
830,0.499752,0.501752,0.502731,0.506783,0.501412,0.497517
831,0.499754,0.520754,0.504533,0.509578,0.511083,0.516107
832,0.499756,0.538756,0.507956,0.515413,0.524919,0.534226
833,0.499759,0.508759,0.508036,0.514082,0.516839,0.513852
834,0.499761,0.455761,0.502808,0.502418,0.4863,0.467379
835,0.499764,0.459764,0.498504,0.493887,0.473032,0.461287
836,0.499766,0.465766,0.49523,0.488263,0.469399,0.46487
837,0.499768,0.473768,0.493084,0.485364,0.471584,0.471988
838,0.499771,0.458771,0.489653,0.480045,0.465177,0.461414
839,0.499773,0.488773,0.489565,0.481791,0.476975,0.483301
840,0.499775,0.449775,0.485586,0.475388,0.463375,0.45648
841,0.499777,0.527777,0.489805,0.485866,0.495576,0.513518
842,0.49978,0.45878,0.486702,0.480448,0.477178,0.469728
843,0.499782,0.502782,0.48831,0.484915,0.48998,0.496171
844,0.499784,0.530784,0.492558,0.494089,0.510382,0.523861
845,0.499786,0.463786,0.489681,0.488028,0.487084,0.475801
846,0.499788,0.487788,0.489491,0.48798,0.487436,0.485391
847,0.49979,0.53879,0.494421,0.498142,0.513113,0.52811
848,0.499792,0.475792,0.492558,0.493672,0.494453,0.486256
849,0.499795,0.516795,0.494982,0.498297,0.505624,0.510687
850,0.499797,0.496797,0.495163,0.497997,0.50121,0.499575
851,0.499799,0.472799,0.492927,0.492957,0.487005,0.478154
852,0.499801,0.536801,0.497314,0.501726,0.511903,0.525072
853,0.499803,0.480803,0.495663,0.497541,0.496353,0.489657
854,0.499805,0.481805,0.494277,0.494394,0.489079,0.483375
855,0.499806,0.471806,0.49203,0.489876,0.480442,0.47412
856,0.499808,0.530808,0.495908,0.498063,0.505625,0.51947
857,0.49981,0.52481,0.498798,0.503412,0.515218,0.523742
858,0.499812,0.499812,0.4989,0.502692,0.507515,0.504598
859,0.499814,0.528814,0.501891,0.507917,0.518164,0.523971
860,0.499816,0.539816,0.505684,0.514296,0.52899,0.536647
861,0.499818,0.503818,0.505497,0.512201,0.516404,0.510384
862,0.49982,0.49982,0.504929,0.509725,0.508112,0.501933
863,0.499821,0.480821,0.502518,0.503944,0.494467,0.485043
864,0.499823,0.462823,0.498549,0.49572,0.478645,0.467267
865,0.499825,0.506825,0.499377,0.497941,0.492735,0.498913
866,0.499827,0.543827,0.503822,0.507118,0.518281,0.534844
867,0.499828,0.530828,0.506522,0.51186,0.524554,0.531631
868,0.49983,0.53083,0.508953,0.515654,0.527692,0.53099
869,0.499832,0.452832,0.503341,0.50309,0.490262,0.468464
870,0.499833,0.469833,0.49999,0.496438,0.480048,0.469559
871,0.499835,0.482835,0.498275,0.493718,0.481441,0.48018
872,0.499837,0.531837,0.501631,0.501342,0.506639,0.521506
873,0.499838,0.530838,0.504552,0.507241,0.518739,0.528972
874,0.49984,0.53684,0.50778,0.513161,0.527789,0.535266
875,0.499842,0.464842,0.503487,0.503497,0.496316,0.478927
876,0.499843,0.545843,0.507722,0.511966,0.521079,0.53246
877,0.499845,0.474845,0.504434,0.504542,0.497962,0.486368
878,0.499846,0.453846,0.499376,0.494403,0.475904,0.46035
879,0.499848,0.471848,0.496623,0.489892,0.473876,0.469548
880,0.499849,0.541849,0.501145,0.500283,0.507863,0.527389
881,0.499851,0.500851,0.501116,0.500397,0.504357,0.506159
882,0.499852,0.546852,0.50569,0.509688,0.525604,0.538713
883,0.499854,0.481854,0.503306,0.504121,0.503729,0.493226
884,0.499855,0.483855,0.501361,0.500068,0.493792,0.485729
885,0.499857,0.530857,0.504311,0.506226,0.512325,0.521831
886,0.499858,0.455858,0.499465,0.496152,0.484091,0.469053
887,0.499859,0.464859,0.496005,0.489894,0.474475,0.465698
888,0.499861,0.506861,0.49709,0.493287,0.490668,0.498628
889,0.499862,0.457862,0.493167,0.486202,0.474265,0.466015
890,0.499864,0.544864,0.498337,0.497934,0.509565,0.529094
891,0.499865,0.548865,0.50339,0.508121,0.529215,0.544911
892,0.499866,0.511866,0.504238,0.50887,0.52054,0.518475
893,0.499868,0.546868,0.508501,0.516469,0.533704,0.541189
894,0.499869,0.532869,0.510937,0.519749,0.533287,0.534533
895,0.49987,0.52587,0.512431,0.520973,0.529578,0.527603
896,0.499872,0.503872,0.511575,0.517553,0.516725,0.508618
897,0.499873,0.526873,0.513105,0.519417,0.521799,0.523222
898,0.499874,0.458874,0.507682,0.507308,0.490337,0.471744
899,0.499875,0.536875,0.510601,0.513222,0.513606,0.523849
900,0.499877,0.481877,0.507729,0.506953,0.497741,0.490271
901,0.499878,0.531878,0.510143,0.511938,0.51481,0.523557
902,0.499879,0.470879,0.506217,0.503726,0.492844,0.481415
903,0.49988,0.51588,0.507183,0.506157,0.504362,0.508987
904,0.499881,0.512881,0.507753,0.507502,0.508622,0.512102
905,0.499883,0.509883,0.507966,0.507978,0.509252,0.510327
906,0.499884,0.531884,0.510358,0.512759,0.520568,0.527573
907,0.499885,0.460885,0.505411,0.502384,0.490727,0.474223
908,0.499886,0.534886,0.508358,0.508885,0.512806,0.522753
909,0.499887,0.535887,0.511111,0.514285,0.524347,0.53326
910,0.499888,0.534888,0.513489,0.518406,0.529617,0.534562
911,0.499889,0.479889,0.510129,0.510702,0.504753,0.490824
912,0.499891,0.539891,0.513105,0.51654,0.522322,0.530078
913,0.499892,0.532892,0.515084,0.51981,0.527607,0.532329
914,0.499893,0.463893,0.509965,0.508627,0.49575,0.47758
915,0.499894,0.525894,0.511558,0.51208,0.510822,0.516231
916,0.499895,0.465895,0.506991,0.502843,0.488359,0.475962
917,0.499896,0.469896,0.503282,0.496254,0.479127,0.471109
918,0.499897,0.541897,0.507143,0.505382,0.510512,0.527739
919,0.499898,0.474898,0.503919,0.499286,0.492705,0.485466
920,0.499899,0.477899,0.501317,0.495008,0.485302,0.479412
921,0.4999,0.4889,0.500075,0.493787,0.487101,0.487002
922,0.499901,0.474901,0.497558,0.490009,0.481001,0.477321
923,0.499902,0.539902,0.501792,0.499988,0.510452,0.527386
924,0.499903,0.485903,0.500203,0.497171,0.498177,0.4942
925,0.499904,0.509904,0.501173,0.499718,0.504041,0.506763
926,0.499905,0.467905,0.497846,0.493355,0.485973,0.475677
927,0.499906,0.492906,0.497352,0.493265,0.489439,0.48946
928,0.499907,0.486907,0.496308,0.491994,0.488173,0.487418
929,0.499908,0.477908,0.494468,0.489176,0.483041,0.47981
930,0.499909,0.531909,0.498212,0.497723,0.507475,0.521489
931,0.499909,0.470909,0.495482,0.49236,0.489192,0.481025
932,0.49991,0.45991,0.491925,0.48587,0.474551,0.464133
933,0.499911,0.504911,0.493223,0.489678,0.489731,0.496755
934,0.499912,0.537912,0.497692,0.499325,0.513821,0.529681
935,0.499913,0.474913,0.495414,0.494443,0.494367,0.485867
936,0.499914,0.464914,0.492364,0.488537,0.479641,0.469105
937,0.499915,0.519915,0.495119,0.494813,0.499778,0.509753
938,0.499916,0.486916,0.494299,0.493233,0.493347,0.491483
939,0.499916,0.502916,0.495161,0.49517,0.498131,0.500629
940,0.499917,0.457917,0.491436,0.487719,0.478024,0.466459
941,0.499918,0.471918,0.489484,0.484559,0.474971,0.470826
942,0.499919,0.532919,0.493828,0.494231,0.503945,0.5205
943,0.49992,0.49992,0.494437,0.495369,0.501933,0.504036
944,0.499921,0.506921,0.495685,0.497679,0.504427,0.506344
945,0.499921,0.546921,0.500809,0.507528,0.525674,0.538806
946,0.499922,0.476922,0.49842,0.501406,0.501298,0.489299
947,0.499923,0.475923,0.496171,0.49631,0.48861,0.478598
948,0.499924,0.518924,0.498446,0.500833,0.503767,0.510859
949,0.499924,0.520924,0.500694,0.504851,0.512346,0.518911
950,0.499925,0.500925,0.500717,0.504066,0.506635,0.504522
951,0.499926,0.498926,0.500538,0.503038,0.502781,0.500045
952,0.499927,0.459927,0.496477,0.494416,0.481354,0.467951
953,0.499927,0.477927,0.494622,0.491118,0.47964,0.475932
954,0.499928,0.488928,0.494052,0.49068,0.484284,0.486329
955,0.499929,0.547929,0.49944,0.50213,0.516107,0.535609
956,0.49993,0.53793,0.503289,0.50929,0.527018,0.537466
957,0.49993,0.45993,0.498953,0.499418,0.493474,0.475437
958,0.499931,0.542931,0.503351,0.50812,0.518203,0.529432
959,0.499932,0.526932,0.505709,0.511883,0.522567,0.527432
960,0.499932,0.539932,0.509131,0.517493,0.53125,0.537432
961,0.499933,0.525933,0.510811,0.519181,0.528591,0.528233
962,0.499934,0.548934,0.514624,0.525131,0.538763,0.544794
963,0.499934,0.501934,0.513355,0.520492,0.520348,0.510506
964,0.499935,0.480935,0.510113,0.512581,0.500642,0.486849
965,0.499936,0.536936,0.512795,0.517452,0.518789,0.526919
966,0.499936,0.526936,0.514209,0.519348,0.522862,0.526933
967,0.499937,0.548937,0.517682,0.525266,0.5359,0.544536
968,0.499937,0.506937,0.516607,0.5216,0.521418,0.514457
969,0.499938,0.515938,0.516541,0.520468,0.518678,0.515642
970,0.499939,0.501939,0.51508,0.516762,0.510309,0.50468
971,0.499939,0.466939,0.510266,0.506797,0.488624,0.474487
972,0.49994,0.49094,0.508334,0.503626,0.489782,0.487649
973,0.499941,0.484941,0.505994,0.499889,0.487361,0.485483
974,0.499941,0.517941,0.507189,0.503499,0.502651,0.511449
975,0.499942,0.547942,0.511264,0.512388,0.525297,0.540643
976,0.499942,0.533942,0.513532,0.516699,0.529619,0.535282
977,0.499943,0.544943,0.516673,0.522348,0.537281,0.543011
978,0.499943,0.525943,0.5176,0.523067,0.531612,0.529357
979,0.499944,0.454944,0.511335,0.509442,0.493278,0.469827
980,0.499945,0.515945,0.511796,0.510743,0.504612,0.506721
981,0.499945,0.477945,0.508411,0.504183,0.491278,0.4837
982,0.499946,0.503946,0.507964,0.504136,0.497612,0.499897
983,0.499946,0.477946,0.504962,0.498898,0.487779,0.482336
984,0.499947,0.457947,0.500261,0.490708,0.472863,0.462825
985,0.499947,0.542947,0.504529,0.501156,0.507905,0.526923
986,0.499948,0.527948,0.506871,0.506514,0.517927,0.527743
987,0.499948,0.546948,0.510879,0.514601,0.532437,0.543107
988,0.499949,0.504949,0.510286,0.51267,0.518693,0.512581
989,0.499949,0.521949,0.511452,0.514526,0.520321,0.520075
990,0.49995,0.52395,0.512702,0.516411,0.522136,0.523175
991,0.49995,0.49495,0.510927,0.512119,0.508543,0.500595
992,0.499951,0.449951,0.504829,0.499685,0.479247,0.46008
993,0.499951,0.474951,0.501841,0.494738,0.477099,0.471977
994,0.499952,0.546952,0.506352,0.505181,0.512025,0.531957
995,0.499952,0.532952,0.509012,0.510735,0.522489,0.532753
996,0.499953,0.461953,0.504306,0.500979,0.492221,0.476113
997,0.499953,0.476953,0.501571,0.496174,0.484587,0.476785
998,0.499954,0.531954,0.504609,0.50333,0.50827,0.52092
999,0.499954,0.470954,0.501244,0.496855,0.489612,0.480947
